source_system,source_ref,category,entity_type,plate,person_ref,severity,valid_from,valid_to,active,make,model,colour,owner_ref,rc_status,dl_no,holder_ref,dl_valid_to,fir_ref,police_station,wanted_status,subject_ref,note,provenance
VAHAN,VH-STO-0001,stolen_vehicle,vehicle,GJ18Y9407,,high,2026-01-01T00:00:00Z,,true,Toyota,Innova,maroon,VAHAN-OWNER-1726,active,,,,FIR/2026/668,Ghatlodia PS,stolen,,synthetic stolen vehicle record,synthetic
VAHAN,VH-STO-0002,stolen_vehicle,vehicle,GJ14BU4678,,high,2026-01-01T00:00:00Z,,true,Maruti Suzuki,Alto,white,VAHAN-OWNER-3573,active,,,,FIR/2026/704,Maninagar PS,stolen,,synthetic stolen vehicle record,synthetic
VAHAN,VH-STO-0003,stolen_vehicle,vehicle,GJ14XU1699,,high,2026-01-01T00:00:00Z,2027-12-31T00:00:00Z,true,Hyundai,i20,brown,VAHAN-OWNER-0797,active,,,,FIR/2026/817,Naroda PS,stolen,,synthetic stolen vehicle record,synthetic
VAHAN,VH-STO-0004,stolen_vehicle,vehicle,GJ38U1617,,high,2026-01-01T00:00:00Z,,true,Maruti Suzuki,Alto,yellow,VAHAN-OWNER-6373,active,,,,FIR/2024/741,Vastrapur PS,stolen,,synthetic stolen vehicle record,synthetic
VAHAN,VH-STO-0005,stolen_vehicle,vehicle,GJ13J7973,,high,2026-01-01T00:00:00Z,,true,Tata,Ace,yellow,VAHAN-OWNER-1078,active,,,,FIR/2024/236,Sabarmati PS,stolen,,synthetic stolen vehicle record,synthetic
VAHAN,VH-STO-0006,stolen_vehicle,vehicle,MH12BF2551,,high,2026-01-01T00:00:00Z,2027-12-31T00:00:00Z,true,Mahindra,Scorpio,yellow,VAHAN-OWNER-3356,active,,,,FIR/2026/838,Ranip PS,stolen,,synthetic stolen vehicle record,synthetic
VAHAN,VH-STO-0007,stolen_vehicle,vehicle,MH12RQ8990,,high,2026-01-01T00:00:00Z,,true,Hero,Splendor,brown,VAHAN-OWNER-0445,active,,,,FIR/2024/848,Vastrapur PS,stolen,,synthetic stolen vehicle record,synthetic
VAHAN,VH-STO-0008,stolen_vehicle,vehicle,GJ25CT7502,,high,2026-01-01T00:00:00Z,,true,Ashok Leyland,Dost,blue,VAHAN-OWNER-9394,active,,,,FIR/2025/908,Ghatlodia PS,stolen,,synthetic stolen vehicle record,synthetic
VAHAN,VH-STO-0009,stolen_vehicle,vehicle,MP04T3321,,high,2026-01-01T00:00:00Z,2027-12-31T00:00:00Z,true,Mahindra,Bolero,black,VAHAN-OWNER-1078,active,,,,FIR/2024/054,Vastrapur PS,stolen,,synthetic stolen vehicle record,synthetic
VAHAN,VH-STO-0010,stolen_vehicle,vehicle,GJ02DD9941,,high,2026-01-01T00:00:00Z,2026-06-01T00:00:00Z,true,Honda,City,red,VAHAN-OWNER-8501,active,,,,FIR/2024/260,Ranip PS,stolen,,synthetic stolen vehicle record — window closed,synthetic
VAHAN,VH-STO-0011,stolen_vehicle,vehicle,RJ39VY9882,,high,2026-01-01T00:00:00Z,,true,TVS,Jupiter,grey,VAHAN-OWNER-8335,active,,,,FIR/2025/093,Naroda PS,stolen,,synthetic stolen vehicle record,synthetic
VAHAN,VH-STO-0012,stolen_vehicle,vehicle,GJ08FS1404,,high,2026-01-01T00:00:00Z,2027-12-31T00:00:00Z,true,Hero,Splendor,maroon,VAHAN-OWNER-1569,active,,,,FIR/2024/176,Odhav PS,stolen,,synthetic stolen vehicle record,synthetic
VAHAN,VH-STO-0013,stolen_vehicle,vehicle,RJ45SV7618,,high,2026-01-01T00:00:00Z,,true,Eicher,Pro 2049,black,VAHAN-OWNER-0167,active,,,,FIR/2026/113,Ranip PS,stolen,,synthetic stolen vehicle record,synthetic
VAHAN,VH-STO-0014,stolen_vehicle,vehicle,RJ45XX8080,,high,2026-01-01T00:00:00Z,,true,Eicher,Pro 2049,brown,VAHAN-OWNER-1647,active,,,,FIR/2025/931,Odhav PS,stolen,,synthetic stolen vehicle record,synthetic
VAHAN,VH-STO-0015,stolen_vehicle,vehicle,GJ37VD4933,,high,2026-01-01T00:00:00Z,2027-12-31T00:00:00Z,true,Hero,Splendor,grey,VAHAN-OWNER-9352,active,,,,FIR/2025/150,Bopal PS,stolen,,synthetic stolen vehicle record,synthetic
VAHAN,VH-STO-0016,stolen_vehicle,vehicle,GJ28AS7638,,high,2026-01-01T00:00:00Z,,true,Mahindra,Bolero,white,VAHAN-OWNER-2518,active,,,,FIR/2024/386,Satellite PS,stolen,,synthetic stolen vehicle record,synthetic
VAHAN,VH-STO-0017,stolen_vehicle,vehicle,GJ10UV8997,,critical,2026-01-01T00:00:00Z,,true,Maruti Suzuki,Ertiga,brown,VAHAN-OWNER-0655,active,,,,FIR/2026/323,Ranip PS,stolen,,synthetic stolen vehicle record,synthetic
VAHAN,VH-STO-0018,stolen_vehicle,vehicle,GJ31CD2478,,high,2026-01-01T00:00:00Z,2027-12-31T00:00:00Z,true,Hyundai,i20,blue,VAHAN-OWNER-0352,active,,,,FIR/2026/790,Ranip PS,stolen,,synthetic stolen vehicle record,synthetic
VAHAN,VH-STO-0019,stolen_vehicle,vehicle,GJ31YM3305,,high,2026-01-01T00:00:00Z,,true,Honda,City,red,VAHAN-OWNER-4778,active,,,,FIR/2026/011,Navrangpura PS,stolen,,synthetic stolen vehicle record,synthetic
VAHAN,VH-STO-0020,stolen_vehicle,vehicle,GJ33YQ6863,,high,2026-01-01T00:00:00Z,2026-06-01T00:00:00Z,true,Maruti Suzuki,Alto,white,VAHAN-OWNER-7591,active,,,,FIR/2026/605,Satellite PS,stolen,,synthetic stolen vehicle record — window closed,synthetic
VAHAN,VH-STO-0021,stolen_vehicle,vehicle,GJ09M2384,,high,2026-01-01T00:00:00Z,2027-12-31T00:00:00Z,true,Hero,Splendor,red,VAHAN-OWNER-4821,active,,,,FIR/2026/402,Navrangpura PS,stolen,,synthetic stolen vehicle record,synthetic
VAHAN,VH-STO-0022,stolen_vehicle,vehicle,GJ36MP3038,,high,2026-01-01T00:00:00Z,,true,Maruti Suzuki,Ertiga,blue,VAHAN-OWNER-0559,active,,,,FIR/2025/588,Bopal PS,stolen,,synthetic stolen vehicle record,synthetic
VAHAN,VH-STO-0023,stolen_vehicle,vehicle,GJ17WN8527,,high,2026-01-01T00:00:00Z,,true,TVS,Jupiter,grey,VAHAN-OWNER-3457,active,,,,FIR/2026/427,Bopal PS,stolen,,synthetic stolen vehicle record,synthetic
VAHAN,VH-STO-0024,stolen_vehicle,vehicle,GJ15PR7983,,high,2026-01-01T00:00:00Z,2027-12-31T00:00:00Z,true,Mahindra,Bolero,white,VAHAN-OWNER-5880,active,,,,FIR/2024/363,Satellite PS,stolen,,synthetic stolen vehicle record,synthetic
VAHAN,VH-STO-0025,stolen_vehicle,vehicle,GJ12DG3759,,high,2026-01-01T00:00:00Z,,true,Mahindra,Bolero,white,VAHAN-OWNER-1264,active,,,,FIR/2024/625,Maninagar PS,stolen,,synthetic stolen vehicle record,synthetic
VAHAN,VH-STO-0026,stolen_vehicle,vehicle,GJ11NQ4890,,high,2026-01-01T00:00:00Z,,true,Tata,Nexon,black,VAHAN-OWNER-8498,active,,,,FIR/2026/322,Ranip PS,stolen,,synthetic stolen vehicle record,synthetic
VAHAN,VH-STO-0027,stolen_vehicle,vehicle,GJ30UM8175,,high,2026-01-01T00:00:00Z,2027-12-31T00:00:00Z,true,Maruti Suzuki,Swift,red,VAHAN-OWNER-5459,active,,,,FIR/2025/713,Naroda PS,stolen,,synthetic stolen vehicle record,synthetic
VAHAN,VH-STO-0028,stolen_vehicle,vehicle,GJ30UA5161,,high,2026-01-01T00:00:00Z,,true,Hyundai,i20,grey,VAHAN-OWNER-9223,active,,,,FIR/2025/695,Ghatlodia PS,stolen,,synthetic stolen vehicle record,synthetic
VAHAN,VH-STO-0029,stolen_vehicle,vehicle,GJ34CD6161,,high,2026-01-01T00:00:00Z,,true,Hyundai,Creta,silver,VAHAN-OWNER-0416,active,,,,FIR/2024/232,Odhav PS,stolen,,synthetic stolen vehicle record,synthetic
VAHAN,VH-STO-0030,stolen_vehicle,vehicle,GJ30RS8567,,high,2026-01-01T00:00:00Z,2026-06-01T00:00:00Z,true,Tata,Nexon,grey,VAHAN-OWNER-3344,active,,,,FIR/2024/159,Vastrapur PS,stolen,,synthetic stolen vehicle record — window closed,synthetic
VAHAN,VH-STO-0031,stolen_vehicle,vehicle,GJ24TF5304,,high,2026-01-01T00:00:00Z,,true,Mahindra,Scorpio,black,VAHAN-OWNER-5911,active,,,,FIR/2026/069,Navrangpura PS,stolen,,synthetic stolen vehicle record,synthetic
VAHAN,VH-STO-0032,stolen_vehicle,vehicle,GJ03PZ9067,,high,2026-01-01T00:00:00Z,,true,Ashok Leyland,Dost,white,VAHAN-OWNER-5368,active,,,,FIR/2025/884,Maninagar PS,stolen,,synthetic stolen vehicle record,synthetic
VAHAN,VH-STO-0033,stolen_vehicle,vehicle,GJ14DB3715,,high,2026-01-01T00:00:00Z,2027-12-31T00:00:00Z,true,TVS,Jupiter,maroon,VAHAN-OWNER-8449,active,,,,FIR/2024/855,Maninagar PS,stolen,,synthetic stolen vehicle record,synthetic
VAHAN,VH-STO-0034,stolen_vehicle,vehicle,GJ27BB3808,,critical,2026-01-01T00:00:00Z,,true,Hyundai,Creta,silver,VAHAN-OWNER-6208,active,,,,FIR/2026/704,Naroda PS,stolen,,synthetic stolen vehicle record,synthetic
VAHAN,VH-STO-0035,stolen_vehicle,vehicle,RJ39D4068,,high,2026-01-01T00:00:00Z,,true,Eicher,Pro 2049,silver,VAHAN-OWNER-2746,active,,,,FIR/2026/457,Naroda PS,stolen,,synthetic stolen vehicle record,synthetic
VAHAN,VH-STO-0036,stolen_vehicle,vehicle,GJ29UZ7089,,high,2026-01-01T00:00:00Z,2027-12-31T00:00:00Z,true,Tata,Nexon,white,VAHAN-OWNER-6434,active,,,,FIR/2025/811,Vastrapur PS,stolen,,synthetic stolen vehicle record,synthetic
VAHAN,VH-STO-0037,stolen_vehicle,vehicle,GJ12KL1420,,high,2026-01-01T00:00:00Z,,true,Ashok Leyland,Dost,blue,VAHAN-OWNER-2484,active,,,,FIR/2024/740,Navrangpura PS,stolen,,synthetic stolen vehicle record,synthetic
VAHAN,VH-STO-0038,stolen_vehicle,vehicle,GJ36D1057,,high,2026-01-01T00:00:00Z,,true,Hyundai,Creta,red,VAHAN-OWNER-3038,active,,,,FIR/2024/056,Ghatlodia PS,stolen,,synthetic stolen vehicle record,synthetic
VAHAN,VH-STO-0039,stolen_vehicle,vehicle,GJ06QD9962,,high,2026-01-01T00:00:00Z,2027-12-31T00:00:00Z,true,Toyota,Innova,red,VAHAN-OWNER-8254,active,,,,FIR/2026/425,Navrangpura PS,stolen,,synthetic stolen vehicle record,synthetic
VAHAN,VH-STO-0040,stolen_vehicle,vehicle,GJ22EN5493,,high,2026-01-01T00:00:00Z,2026-06-01T00:00:00Z,true,Mahindra,Bolero,grey,VAHAN-OWNER-1143,active,,,,FIR/2025/428,Odhav PS,stolen,,synthetic stolen vehicle record — window closed,synthetic
VAHAN,VH-STO-0041,stolen_vehicle,vehicle,RJ45RU2131,,high,2026-01-01T00:00:00Z,,true,Honda,City,grey,VAHAN-OWNER-7286,active,,,,FIR/2025/032,Odhav PS,stolen,,synthetic stolen vehicle record,synthetic
VAHAN,VH-STO-0042,stolen_vehicle,vehicle,GJ05S4513,,high,2026-01-01T00:00:00Z,2027-12-31T00:00:00Z,true,Hyundai,Creta,red,VAHAN-OWNER-7078,active,,,,FIR/2025/811,Bopal PS,stolen,,synthetic stolen vehicle record,synthetic
VAHAN,VH-STO-0043,stolen_vehicle,vehicle,GJ10S3430,,high,2026-01-01T00:00:00Z,,true,Hero,Splendor,yellow,VAHAN-OWNER-8961,active,,,,FIR/2026/687,Odhav PS,stolen,,synthetic stolen vehicle record,synthetic
VAHAN,VH-STO-0044,stolen_vehicle,vehicle,GJ37UY3599,,high,2026-01-01T00:00:00Z,,true,Eicher,Pro 2049,red,VAHAN-OWNER-6124,active,,,,FIR/2025/513,Bopal PS,stolen,,synthetic stolen vehicle record,synthetic
VAHAN,VH-STO-0045,stolen_vehicle,vehicle,GJ28FY8225,,high,2026-01-01T00:00:00Z,2027-12-31T00:00:00Z,true,Tata,Nexon,grey,VAHAN-OWNER-5534,active,,,,FIR/2025/506,Maninagar PS,stolen,,synthetic stolen vehicle record,synthetic
VAHAN,VH-STO-0046,stolen_vehicle,vehicle,GJ06C2762,,high,2026-01-01T00:00:00Z,,true,TVS,Jupiter,brown,VAHAN-OWNER-6252,active,,,,FIR/2024/978,Odhav PS,stolen,,synthetic stolen vehicle record,synthetic
VAHAN,VH-STO-0047,stolen_vehicle,vehicle,GJ01F3670,,high,2026-01-01T00:00:00Z,,true,Tata,Nexon,brown,VAHAN-OWNER-2202,active,,,,FIR/2025/643,Naroda PS,stolen,,synthetic stolen vehicle record,synthetic
VAHAN,VH-STO-0048,stolen_vehicle,vehicle,GJ06WD1481,,high,2026-01-01T00:00:00Z,2027-12-31T00:00:00Z,true,TVS,Jupiter,white,VAHAN-OWNER-2610,active,,,,FIR/2025/490,Maninagar PS,stolen,,synthetic stolen vehicle record,synthetic
VAHAN,VH-STO-0049,stolen_vehicle,vehicle,GJ20B6816,,high,2026-01-01T00:00:00Z,,true,Maruti Suzuki,Alto,white,VAHAN-OWNER-6694,active,,,,FIR/2025/033,Navrangpura PS,stolen,,synthetic stolen vehicle record,synthetic
VAHAN,VH-STO-0050,stolen_vehicle,vehicle,GJ36JB5855,,high,2026-01-01T00:00:00Z,2026-06-01T00:00:00Z,true,Tata,Ace,yellow,VAHAN-OWNER-4519,active,,,,FIR/2026/815,Navrangpura PS,stolen,,synthetic stolen vehicle record — window closed,synthetic
VAHAN,VH-STO-0051,stolen_vehicle,vehicle,GJ28LB7597,,critical,2026-01-01T00:00:00Z,2027-12-31T00:00:00Z,true,Hyundai,Creta,red,VAHAN-OWNER-1923,active,,,,FIR/2024/915,Bopal PS,stolen,,synthetic stolen vehicle record,synthetic
VAHAN,VH-STO-0052,stolen_vehicle,vehicle,MP04PM1683,,high,2026-01-01T00:00:00Z,,true,TVS,Jupiter,yellow,VAHAN-OWNER-6099,active,,,,FIR/2026/970,Ghatlodia PS,stolen,,synthetic stolen vehicle record,synthetic
VAHAN,VH-STO-0053,stolen_vehicle,vehicle,GJ08YM2730,,high,2026-01-01T00:00:00Z,,true,Eicher,Pro 2049,silver,VAHAN-OWNER-2794,active,,,,FIR/2026/445,Maninagar PS,stolen,,synthetic stolen vehicle record,synthetic
VAHAN,VH-STO-0054,stolen_vehicle,vehicle,GJ01TR6240,,high,2026-01-01T00:00:00Z,2027-12-31T00:00:00Z,true,Mahindra,Bolero,black,VAHAN-OWNER-3159,active,,,,FIR/2025/741,Ghatlodia PS,stolen,,synthetic stolen vehicle record,synthetic
VAHAN,VH-STO-0055,stolen_vehicle,vehicle,GJ11TW1916,,high,2026-01-01T00:00:00Z,,true,Maruti Suzuki,Ertiga,red,VAHAN-OWNER-0129,active,,,,FIR/2024/906,Ghatlodia PS,stolen,,synthetic stolen vehicle record,synthetic
VAHAN,VH-STO-0056,stolen_vehicle,vehicle,GJ18YA3278,,high,2026-01-01T00:00:00Z,,true,Eicher,Pro 2049,grey,VAHAN-OWNER-1418,active,,,,FIR/2024/878,Sabarmati PS,stolen,,synthetic stolen vehicle record,synthetic
VAHAN,VH-STO-0057,stolen_vehicle,vehicle,GJ30MR3646,,high,2026-01-01T00:00:00Z,2027-12-31T00:00:00Z,true,Tata,Ace,white,VAHAN-OWNER-5505,active,,,,FIR/2024/410,Ghatlodia PS,stolen,,synthetic stolen vehicle record,synthetic
VAHAN,VH-STO-0058,stolen_vehicle,vehicle,GJ25U7982,,high,2026-01-01T00:00:00Z,,true,Ashok Leyland,Dost,silver,VAHAN-OWNER-1641,active,,,,FIR/2025/335,Satellite PS,stolen,,synthetic stolen vehicle record,synthetic
VAHAN,VH-STO-0059,stolen_vehicle,vehicle,GJ25ZD8999,,high,2026-01-01T00:00:00Z,,true,Tata,Ace,black,VAHAN-OWNER-9808,active,,,,FIR/2025/372,Satellite PS,stolen,,synthetic stolen vehicle record,synthetic
VAHAN,VH-STO-0060,stolen_vehicle,vehicle,GJ05PT8551,,high,2026-01-01T00:00:00Z,2026-06-01T00:00:00Z,true,Maruti Suzuki,Alto,maroon,VAHAN-OWNER-2585,active,,,,FIR/2025/325,Bopal PS,stolen,,synthetic stolen vehicle record — window closed,synthetic
VAHAN,VH-STO-0061,stolen_vehicle,vehicle,GJ09CS4314,,high,2026-01-01T00:00:00Z,,true,Maruti Suzuki,Swift,red,VAHAN-OWNER-0720,active,,,,FIR/2025/175,Ranip PS,stolen,,synthetic stolen vehicle record,synthetic
VAHAN,VH-STO-0062,stolen_vehicle,vehicle,GJ13LM9771,,high,2026-01-01T00:00:00Z,,true,Maruti Suzuki,Alto,brown,VAHAN-OWNER-9792,active,,,,FIR/2026/091,Naroda PS,stolen,,synthetic stolen vehicle record,synthetic
VAHAN,VH-STO-0063,stolen_vehicle,vehicle,GJ18RD3117,,high,2026-01-01T00:00:00Z,2027-12-31T00:00:00Z,true,Hyundai,i20,black,VAHAN-OWNER-9375,active,,,,FIR/2024/645,Satellite PS,stolen,,synthetic stolen vehicle record,synthetic
VAHAN,VH-STO-0064,stolen_vehicle,vehicle,GJ20BC6464,,high,2026-01-01T00:00:00Z,,true,Hyundai,Creta,silver,VAHAN-OWNER-9884,active,,,,FIR/2026/251,Ghatlodia PS,stolen,,synthetic stolen vehicle record,synthetic
VAHAN,VH-STO-0065,stolen_vehicle,vehicle,GJ16FL6051,,high,2026-01-01T00:00:00Z,,true,Eicher,Pro 2049,brown,VAHAN-OWNER-2116,active,,,,FIR/2026/671,Navrangpura PS,stolen,,synthetic stolen vehicle record,synthetic
VAHAN,VH-STO-0066,stolen_vehicle,vehicle,MH12VS5156,,high,2026-01-01T00:00:00Z,2027-12-31T00:00:00Z,true,Tata,Nexon,grey,VAHAN-OWNER-2366,active,,,,FIR/2026/671,Sabarmati PS,stolen,,synthetic stolen vehicle record,synthetic
VAHAN,VH-STO-0067,stolen_vehicle,vehicle,GJ05AP1488,,high,2026-01-01T00:00:00Z,,true,Hero,Splendor,brown,VAHAN-OWNER-3113,active,,,,FIR/2026/425,Ranip PS,stolen,,synthetic stolen vehicle record,synthetic
VAHAN,VH-STO-0068,stolen_vehicle,vehicle,GJ37XH5915,,critical,2026-01-01T00:00:00Z,,true,Maruti Suzuki,Swift,yellow,VAHAN-OWNER-2719,active,,,,FIR/2026/402,Maninagar PS,stolen,,synthetic stolen vehicle record,synthetic
VAHAN,VH-STO-0069,stolen_vehicle,vehicle,GJ08QF4162,,high,2026-01-01T00:00:00Z,2027-12-31T00:00:00Z,true,Hyundai,Creta,grey,VAHAN-OWNER-5347,active,,,,FIR/2026/161,Maninagar PS,stolen,,synthetic stolen vehicle record,synthetic
VAHAN,VH-STO-0070,stolen_vehicle,vehicle,GJ31LL4357,,high,2026-01-01T00:00:00Z,2026-06-01T00:00:00Z,true,Mahindra,Bolero,red,VAHAN-OWNER-7337,active,,,,FIR/2026/625,Vastrapur PS,stolen,,synthetic stolen vehicle record — window closed,synthetic
eGujCop,BL-BLA-0001,blacklisted_vehicle,vehicle,GJ23KV4392,,medium,2026-01-01T00:00:00Z,,true,Honda,City,maroon,VAHAN-OWNER-0171,suspended,,,,FIR/2024/477,Ranip PS,blacklisted,,synthetic blacklisted vehicle record,synthetic
eGujCop,BL-BLA-0002,blacklisted_vehicle,vehicle,GJ37AH9407,,medium,2026-01-01T00:00:00Z,,true,Maruti Suzuki,Ertiga,maroon,VAHAN-OWNER-1747,suspended,,,,FIR/2026/914,Vastrapur PS,blacklisted,,synthetic blacklisted vehicle record,synthetic
eGujCop,BL-BLA-0003,blacklisted_vehicle,vehicle,GJ13YN5517,,medium,2026-01-01T00:00:00Z,2027-12-31T00:00:00Z,true,Eicher,Pro 2049,brown,VAHAN-OWNER-9675,suspended,,,,FIR/2026/089,Ghatlodia PS,blacklisted,,synthetic blacklisted vehicle record,synthetic
eGujCop,BL-BLA-0004,blacklisted_vehicle,vehicle,MP04Y5964,,medium,2026-01-01T00:00:00Z,,true,Hyundai,i20,grey,VAHAN-OWNER-9073,suspended,,,,FIR/2024/965,Satellite PS,blacklisted,,synthetic blacklisted vehicle record,synthetic
eGujCop,BL-BLA-0005,blacklisted_vehicle,vehicle,GJ29GQ6360,,medium,2026-01-01T00:00:00Z,,true,Bajaj,Pulsar,white,VAHAN-OWNER-7086,suspended,,,,FIR/2024/694,Navrangpura PS,blacklisted,,synthetic blacklisted vehicle record,synthetic
eGujCop,BL-BLA-0006,blacklisted_vehicle,vehicle,GJ05AG4150,,medium,2026-01-01T00:00:00Z,2027-12-31T00:00:00Z,true,Toyota,Innova,black,VAHAN-OWNER-3945,suspended,,,,FIR/2026/871,Ranip PS,blacklisted,,synthetic blacklisted vehicle record,synthetic
eGujCop,BL-BLA-0007,blacklisted_vehicle,vehicle,GJ21W9711,,medium,2026-01-01T00:00:00Z,,true,Maruti Suzuki,Ertiga,maroon,VAHAN-OWNER-5313,suspended,,,,FIR/2024/117,Navrangpura PS,blacklisted,,synthetic blacklisted vehicle record,synthetic
eGujCop,BL-BLA-0008,blacklisted_vehicle,vehicle,GJ26PN6921,,medium,2026-01-01T00:00:00Z,,true,TVS,Jupiter,silver,VAHAN-OWNER-3725,suspended,,,,FIR/2025/712,Bopal PS,blacklisted,,synthetic blacklisted vehicle record,synthetic
eGujCop,BL-BLA-0009,blacklisted_vehicle,vehicle,RJ45RK6266,,medium,2026-01-01T00:00:00Z,2027-12-31T00:00:00Z,true,Mahindra,Scorpio,yellow,VAHAN-OWNER-0983,suspended,,,,FIR/2024/458,Vastrapur PS,blacklisted,,synthetic blacklisted vehicle record,synthetic
eGujCop,BL-BLA-0010,blacklisted_vehicle,vehicle,GJ34XY1037,,medium,2026-01-01T00:00:00Z,2026-06-01T00:00:00Z,true,Mahindra,Bolero,white,VAHAN-OWNER-4740,suspended,,,,FIR/2025/944,Ranip PS,blacklisted,,synthetic blacklisted vehicle record — window closed,synthetic
eGujCop,BL-BLA-0011,blacklisted_vehicle,vehicle,GJ19S9715,,medium,2026-01-01T00:00:00Z,,true,Bajaj,Pulsar,blue,VAHAN-OWNER-6963,suspended,,,,FIR/2024/041,Sabarmati PS,blacklisted,,synthetic blacklisted vehicle record,synthetic
eGujCop,BL-BLA-0012,blacklisted_vehicle,vehicle,GJ38KB4937,,medium,2026-01-01T00:00:00Z,2027-12-31T00:00:00Z,true,Hyundai,Creta,silver,VAHAN-OWNER-7748,suspended,,,,FIR/2026/589,Bopal PS,blacklisted,,synthetic blacklisted vehicle record,synthetic
eGujCop,BL-BLA-0013,blacklisted_vehicle,vehicle,GJ23YJ5401,,medium,2026-01-01T00:00:00Z,,true,Mahindra,Scorpio,grey,VAHAN-OWNER-1926,suspended,,,,FIR/2024/852,Maninagar PS,blacklisted,,synthetic blacklisted vehicle record,synthetic
eGujCop,BL-BLA-0014,blacklisted_vehicle,vehicle,GJ02Z6808,,medium,2026-01-01T00:00:00Z,,true,Hyundai,i20,white,VAHAN-OWNER-5281,suspended,,,,FIR/2024/362,Satellite PS,blacklisted,,synthetic blacklisted vehicle record,synthetic
eGujCop,BL-BLA-0015,blacklisted_vehicle,vehicle,GJ03TP7873,,medium,2026-01-01T00:00:00Z,2027-12-31T00:00:00Z,true,Tata,Nexon,brown,VAHAN-OWNER-8161,suspended,,,,FIR/2026/764,Ranip PS,blacklisted,,synthetic blacklisted vehicle record,synthetic
eGujCop,BL-BLA-0016,blacklisted_vehicle,vehicle,GJ26Q6014,,medium,2026-01-01T00:00:00Z,,true,Hyundai,i20,silver,VAHAN-OWNER-5169,suspended,,,,FIR/2025/873,Ghatlodia PS,blacklisted,,synthetic blacklisted vehicle record,synthetic
eGujCop,BL-BLA-0017,blacklisted_vehicle,vehicle,GJ18DH9401,,critical,2026-01-01T00:00:00Z,,true,Maruti Suzuki,Ertiga,white,VAHAN-OWNER-2861,suspended,,,,FIR/2026/004,Ghatlodia PS,blacklisted,,synthetic blacklisted vehicle record,synthetic
eGujCop,BL-BLA-0018,blacklisted_vehicle,vehicle,GJ27WM6113,,medium,2026-01-01T00:00:00Z,2027-12-31T00:00:00Z,true,Hyundai,i20,black,VAHAN-OWNER-0469,suspended,,,,FIR/2026/421,Sabarmati PS,blacklisted,,synthetic blacklisted vehicle record,synthetic
eGujCop,BL-BLA-0019,blacklisted_vehicle,vehicle,MH43PM7944,,medium,2026-01-01T00:00:00Z,,true,Ashok Leyland,Dost,red,VAHAN-OWNER-0663,suspended,,,,FIR/2024/987,Satellite PS,blacklisted,,synthetic blacklisted vehicle record,synthetic
eGujCop,BL-BLA-0020,blacklisted_vehicle,vehicle,GJ12XC3992,,medium,2026-01-01T00:00:00Z,2026-06-01T00:00:00Z,true,Maruti Suzuki,Alto,maroon,VAHAN-OWNER-4093,suspended,,,,FIR/2026/503,Maninagar PS,blacklisted,,synthetic blacklisted vehicle record — window closed,synthetic
eGujCop,BL-BLA-0021,blacklisted_vehicle,vehicle,GJ22V2784,,medium,2026-01-01T00:00:00Z,2027-12-31T00:00:00Z,true,Toyota,Innova,yellow,VAHAN-OWNER-2616,suspended,,,,FIR/2024/022,Ranip PS,blacklisted,,synthetic blacklisted vehicle record,synthetic
eGujCop,BL-BLA-0022,blacklisted_vehicle,vehicle,GJ13TR5782,,medium,2026-01-01T00:00:00Z,,true,TVS,Jupiter,yellow,VAHAN-OWNER-9175,suspended,,,,FIR/2025/302,Maninagar PS,blacklisted,,synthetic blacklisted vehicle record,synthetic
eGujCop,BL-BLA-0023,blacklisted_vehicle,vehicle,GJ22P5889,,medium,2026-01-01T00:00:00Z,,true,Hero,Splendor,red,VAHAN-OWNER-6767,suspended,,,,FIR/2024/261,Ghatlodia PS,blacklisted,,synthetic blacklisted vehicle record,synthetic
eGujCop,BL-BLA-0024,blacklisted_vehicle,vehicle,GJ01WJ5218,,medium,2026-01-01T00:00:00Z,2027-12-31T00:00:00Z,true,Toyota,Innova,maroon,VAHAN-OWNER-1953,suspended,,,,FIR/2024/478,Vastrapur PS,blacklisted,,synthetic blacklisted vehicle record,synthetic
eGujCop,BL-BLA-0025,blacklisted_vehicle,vehicle,GJ10MH8193,,medium,2026-01-01T00:00:00Z,,true,Maruti Suzuki,Ertiga,maroon,VAHAN-OWNER-4501,suspended,,,,FIR/2024/047,Navrangpura PS,blacklisted,,synthetic blacklisted vehicle record,synthetic
eGujCop,BL-BLA-0026,blacklisted_vehicle,vehicle,GJ30HE1113,,medium,2026-01-01T00:00:00Z,,true,Toyota,Innova,silver,VAHAN-OWNER-3511,suspended,,,,FIR/2026/494,Ghatlodia PS,blacklisted,,synthetic blacklisted vehicle record,synthetic
eGujCop,BL-BLA-0027,blacklisted_vehicle,vehicle,RJ14PU7628,,medium,2026-01-01T00:00:00Z,2027-12-31T00:00:00Z,true,TVS,Jupiter,yellow,VAHAN-OWNER-3815,suspended,,,,FIR/2025/639,Vastrapur PS,blacklisted,,synthetic blacklisted vehicle record,synthetic
eGujCop,BL-BLA-0028,blacklisted_vehicle,vehicle,MH12DU1949,,medium,2026-01-01T00:00:00Z,,true,Tata,Nexon,maroon,VAHAN-OWNER-5781,suspended,,,,FIR/2025/390,Vastrapur PS,blacklisted,,synthetic blacklisted vehicle record,synthetic
eGujCop,BL-BLA-0029,blacklisted_vehicle,vehicle,GJ13SH8011,,medium,2026-01-01T00:00:00Z,,true,Hyundai,Creta,white,VAHAN-OWNER-6434,suspended,,,,FIR/2025/044,Sabarmati PS,blacklisted,,synthetic blacklisted vehicle record,synthetic
eGujCop,BL-BLA-0030,blacklisted_vehicle,vehicle,GJ08VK4050,,medium,2026-01-01T00:00:00Z,2026-06-01T00:00:00Z,true,Mahindra,Bolero,black,VAHAN-OWNER-2868,suspended,,,,FIR/2024/545,Odhav PS,blacklisted,,synthetic blacklisted vehicle record — window closed,synthetic
eGujCop,BL-BLA-0031,blacklisted_vehicle,vehicle,GJ08H5215,,medium,2026-01-01T00:00:00Z,,true,Mahindra,Bolero,maroon,VAHAN-OWNER-0510,suspended,,,,FIR/2026/375,Navrangpura PS,blacklisted,,synthetic blacklisted vehicle record,synthetic
eGujCop,BL-BLA-0032,blacklisted_vehicle,vehicle,GJ19F7515,,medium,2026-01-01T00:00:00Z,,true,Eicher,Pro 2049,black,VAHAN-OWNER-9801,suspended,,,,FIR/2024/670,Satellite PS,blacklisted,,synthetic blacklisted vehicle record,synthetic
eGujCop,BL-BLA-0033,blacklisted_vehicle,vehicle,GJ35ZN6341,,medium,2026-01-01T00:00:00Z,2027-12-31T00:00:00Z,true,Tata,Ace,blue,VAHAN-OWNER-3667,suspended,,,,FIR/2026/552,Ranip PS,blacklisted,,synthetic blacklisted vehicle record,synthetic
eGujCop,BL-BLA-0034,blacklisted_vehicle,vehicle,GJ04EH9189,,critical,2026-01-01T00:00:00Z,,true,TVS,Jupiter,white,VAHAN-OWNER-8391,suspended,,,,FIR/2024/217,Maninagar PS,blacklisted,,synthetic blacklisted vehicle record,synthetic
eGujCop,BL-BLA-0035,blacklisted_vehicle,vehicle,GJ36H2521,,medium,2026-01-01T00:00:00Z,,true,Maruti Suzuki,Alto,white,VAHAN-OWNER-2874,suspended,,,,FIR/2024/807,Navrangpura PS,blacklisted,,synthetic blacklisted vehicle record,synthetic
eGujCop,BL-BLA-0036,blacklisted_vehicle,vehicle,GJ37HN6679,,medium,2026-01-01T00:00:00Z,2027-12-31T00:00:00Z,true,Mahindra,Scorpio,brown,VAHAN-OWNER-1911,suspended,,,,FIR/2026/219,Bopal PS,blacklisted,,synthetic blacklisted vehicle record,synthetic
eGujCop,BL-BLA-0037,blacklisted_vehicle,vehicle,GJ01RC5436,,medium,2026-01-01T00:00:00Z,,true,Mahindra,Bolero,maroon,VAHAN-OWNER-5793,suspended,,,,FIR/2026/818,Vastrapur PS,blacklisted,,synthetic blacklisted vehicle record,synthetic
eGujCop,BL-BLA-0038,blacklisted_vehicle,vehicle,GJ19KS4011,,medium,2026-01-01T00:00:00Z,,true,Mahindra,Scorpio,brown,VAHAN-OWNER-3195,suspended,,,,FIR/2025/985,Ranip PS,blacklisted,,synthetic blacklisted vehicle record,synthetic
eGujCop,BL-BLA-0039,blacklisted_vehicle,vehicle,GJ24DH9250,,medium,2026-01-01T00:00:00Z,2027-12-31T00:00:00Z,true,Eicher,Pro 2049,black,VAHAN-OWNER-6410,suspended,,,,FIR/2026/683,Naroda PS,blacklisted,,synthetic blacklisted vehicle record,synthetic
eGujCop,BL-BLA-0040,blacklisted_vehicle,vehicle,GJ22MD4149,,medium,2026-01-01T00:00:00Z,2026-06-01T00:00:00Z,true,Bajaj,Pulsar,maroon,VAHAN-OWNER-2384,suspended,,,,FIR/2026/758,Bopal PS,blacklisted,,synthetic blacklisted vehicle record — window closed,synthetic
eGujCop,BL-BLA-0041,blacklisted_vehicle,vehicle,GJ12SG7413,,medium,2026-01-01T00:00:00Z,,true,Hyundai,i20,blue,VAHAN-OWNER-7998,suspended,,,,FIR/2024/383,Ranip PS,blacklisted,,synthetic blacklisted vehicle record,synthetic
eGujCop,BL-BLA-0042,blacklisted_vehicle,vehicle,GJ29RJ6776,,medium,2026-01-01T00:00:00Z,2027-12-31T00:00:00Z,true,TVS,Jupiter,maroon,VAHAN-OWNER-7785,suspended,,,,FIR/2024/505,Navrangpura PS,blacklisted,,synthetic blacklisted vehicle record,synthetic
eGujCop,BL-BLA-0043,blacklisted_vehicle,vehicle,GJ37FW4617,,medium,2026-01-01T00:00:00Z,,true,Maruti Suzuki,Swift,silver,VAHAN-OWNER-1985,suspended,,,,FIR/2026/540,Sabarmati PS,blacklisted,,synthetic blacklisted vehicle record,synthetic
eGujCop,BL-BLA-0044,blacklisted_vehicle,vehicle,GJ34YB3660,,medium,2026-01-01T00:00:00Z,,true,Mahindra,Scorpio,red,VAHAN-OWNER-4808,suspended,,,,FIR/2026/265,Ranip PS,blacklisted,,synthetic blacklisted vehicle record,synthetic
eGujCop,BL-BLA-0045,blacklisted_vehicle,vehicle,GJ32HX6725,,medium,2026-01-01T00:00:00Z,2027-12-31T00:00:00Z,true,Mahindra,Bolero,maroon,VAHAN-OWNER-6090,suspended,,,,FIR/2026/372,Ghatlodia PS,blacklisted,,synthetic blacklisted vehicle record,synthetic
eGujCop,BL-BLA-0046,blacklisted_vehicle,vehicle,GJ27LC7924,,medium,2026-01-01T00:00:00Z,,true,Toyota,Innova,black,VAHAN-OWNER-5518,suspended,,,,FIR/2025/878,Bopal PS,blacklisted,,synthetic blacklisted vehicle record,synthetic
eGujCop,WA-0001,wanted_person,person,,CASE/WA/2026/0001,high,2026-01-01T00:00:00Z,,true,,,,,,,,,FIR/2026/825,Vastrapur PS,wanted,NAFIS-SUBJECT-00001,reference-only subject record — SAAKSHI processes no biometrics and performs no face recognition,synthetic
eGujCop,WA-0002,wanted_person,person,,CASE/WA/2025/0002,high,2026-01-01T00:00:00Z,,true,,,,,,,,,FIR/2024/190,Odhav PS,wanted,NAFIS-SUBJECT-00002,reference-only subject record — SAAKSHI processes no biometrics and performs no face recognition,synthetic
eGujCop,WA-0003,wanted_person,person,,CASE/WA/2026/0003,high,2026-01-01T00:00:00Z,,true,,,,,,,,,FIR/2024/831,Naroda PS,wanted,NAFIS-SUBJECT-00003,reference-only subject record — SAAKSHI processes no biometrics and performs no face recognition,synthetic
eGujCop,WA-0004,wanted_person,person,,CASE/WA/2025/0004,high,2026-01-01T00:00:00Z,2027-12-31T00:00:00Z,true,,,,,,,,,FIR/2026/276,Satellite PS,wanted,NAFIS-SUBJECT-00004,reference-only subject record — SAAKSHI processes no biometrics and performs no face recognition,synthetic
eGujCop,WA-0005,wanted_person,person,,CASE/WA/2026/0005,high,2026-01-01T00:00:00Z,,true,,,,,,,,,FIR/2024/605,Navrangpura PS,wanted,NAFIS-SUBJECT-00005,reference-only subject record — SAAKSHI processes no biometrics and performs no face recognition,synthetic
eGujCop,WA-0006,wanted_person,person,,CASE/WA/2025/0006,high,2026-01-01T00:00:00Z,,true,,,,,,,,,FIR/2025/353,Sabarmati PS,wanted,NAFIS-SUBJECT-00006,reference-only subject record — SAAKSHI processes no biometrics and performs no face recognition,synthetic
eGujCop,WA-0007,wanted_person,person,,CASE/WA/2026/0007,high,2026-01-01T00:00:00Z,,true,,,,,,,,,FIR/2026/966,Bopal PS,wanted,NAFIS-SUBJECT-00007,reference-only subject record — SAAKSHI processes no biometrics and performs no face recognition,synthetic
eGujCop,WA-0008,wanted_person,person,,CASE/WA/2025/0008,high,2026-01-01T00:00:00Z,2027-12-31T00:00:00Z,true,,,,,,,,,FIR/2024/459,Ranip PS,wanted,NAFIS-SUBJECT-00008,reference-only subject record — SAAKSHI processes no biometrics and performs no face recognition,synthetic
eGujCop,WA-0009,wanted_person,person,,CASE/WA/2026/0009,high,2026-01-01T00:00:00Z,,true,,,,,,,,,FIR/2025/524,Bopal PS,wanted,NAFIS-SUBJECT-00009,reference-only subject record — SAAKSHI processes no biometrics and performs no face recognition,synthetic
eGujCop,WA-0010,wanted_person,person,,CASE/WA/2025/0010,high,2026-01-01T00:00:00Z,2026-06-01T00:00:00Z,true,,,,,,,,,FIR/2026/780,Maninagar PS,wanted,NAFIS-SUBJECT-00010,reference-only subject record — SAAKSHI processes no biometrics and performs no face recognition,synthetic
eGujCop,WA-0011,wanted_person,person,,CASE/WA/2026/0011,high,2026-01-01T00:00:00Z,,true,,,,,,,,,FIR/2024/048,Navrangpura PS,wanted,NAFIS-SUBJECT-00011,reference-only subject record — SAAKSHI processes no biometrics and performs no face recognition,synthetic
eGujCop,WA-0012,wanted_person,person,,CASE/WA/2025/0012,high,2026-01-01T00:00:00Z,2027-12-31T00:00:00Z,true,,,,,,,,,FIR/2024/335,Ghatlodia PS,wanted,NAFIS-SUBJECT-00012,reference-only subject record — SAAKSHI processes no biometrics and performs no face recognition,synthetic
eGujCop,WA-0013,wanted_person,person,,CASE/WA/2026/0013,critical,2026-01-01T00:00:00Z,,true,,,,,,,,,FIR/2026/084,Naroda PS,wanted,NAFIS-SUBJECT-00013,reference-only subject record — SAAKSHI processes no biometrics and performs no face recognition,synthetic
eGujCop,WA-0014,wanted_person,person,,CASE/WA/2025/0014,high,2026-01-01T00:00:00Z,,true,,,,,,,,,FIR/2026/693,Sabarmati PS,wanted,NAFIS-SUBJECT-00014,reference-only subject record — SAAKSHI processes no biometrics and performs no face recognition,synthetic
eGujCop,WA-0015,wanted_person,person,,CASE/WA/2026/0015,high,2026-01-01T00:00:00Z,,true,,,,,,,,,FIR/2025/386,Odhav PS,wanted,NAFIS-SUBJECT-00015,reference-only subject record — SAAKSHI processes no biometrics and performs no face recognition,synthetic
eGujCop,WA-0016,wanted_person,person,,CASE/WA/2025/0016,high,2026-01-01T00:00:00Z,2027-12-31T00:00:00Z,true,,,,,,,,,FIR/2024/676,Navrangpura PS,wanted,NAFIS-SUBJECT-00016,reference-only subject record — SAAKSHI processes no biometrics and performs no face recognition,synthetic
eGujCop,WA-0017,wanted_person,person,,CASE/WA/2026/0017,high,2026-01-01T00:00:00Z,,true,,,,,,,,,FIR/2025/052,Bopal PS,wanted,NAFIS-SUBJECT-00017,reference-only subject record — SAAKSHI processes no biometrics and performs no face recognition,synthetic
eGujCop,WA-0018,wanted_person,person,,CASE/WA/2025/0018,high,2026-01-01T00:00:00Z,,true,,,,,,,,,FIR/2024/124,Odhav PS,wanted,NAFIS-SUBJECT-00018,reference-only subject record — SAAKSHI processes no biometrics and performs no face recognition,synthetic
eGujCop,WA-0019,wanted_person,person,,CASE/WA/2026/0019,high,2026-01-01T00:00:00Z,,true,,,,,,,,,FIR/2025/574,Naroda PS,wanted,NAFIS-SUBJECT-00019,reference-only subject record — SAAKSHI processes no biometrics and performs no face recognition,synthetic
eGujCop,WA-0020,wanted_person,person,,CASE/WA/2025/0020,high,2026-01-01T00:00:00Z,2026-06-01T00:00:00Z,true,,,,,,,,,FIR/2025/810,Odhav PS,wanted,NAFIS-SUBJECT-00020,reference-only subject record — SAAKSHI processes no biometrics and performs no face recognition,synthetic
eGujCop,WA-0021,wanted_person,person,,CASE/WA/2026/0021,high,2026-01-01T00:00:00Z,,true,,,,,,,,,FIR/2024/715,Vastrapur PS,wanted,NAFIS-SUBJECT-00021,reference-only subject record — SAAKSHI processes no biometrics and performs no face recognition,synthetic
eGujCop,WA-0022,wanted_person,person,,CASE/WA/2025/0022,high,2026-01-01T00:00:00Z,,true,,,,,,,,,FIR/2026/869,Vastrapur PS,wanted,NAFIS-SUBJECT-00022,reference-only subject record — SAAKSHI processes no biometrics and performs no face recognition,synthetic
eGujCop,WA-0023,wanted_person,person,,CASE/WA/2026/0023,high,2026-01-01T00:00:00Z,,true,,,,,,,,,FIR/2026/424,Sabarmati PS,wanted,NAFIS-SUBJECT-00023,reference-only subject record — SAAKSHI processes no biometrics and performs no face recognition,synthetic
eGujCop,WA-0024,wanted_person,person,,CASE/WA/2025/0024,high,2026-01-01T00:00:00Z,2027-12-31T00:00:00Z,true,,,,,,,,,FIR/2025/393,Navrangpura PS,wanted,NAFIS-SUBJECT-00024,reference-only subject record — SAAKSHI processes no biometrics and performs no face recognition,synthetic
eGujCop,WA-0025,wanted_person,person,,CASE/WA/2026/0025,high,2026-01-01T00:00:00Z,,true,,,,,,,,,FIR/2026/196,Ranip PS,wanted,NAFIS-SUBJECT-00025,reference-only subject record — SAAKSHI processes no biometrics and performs no face recognition,synthetic
eGujCop,WA-0026,wanted_person,person,,CASE/WA/2025/0026,critical,2026-01-01T00:00:00Z,,true,,,,,,,,,FIR/2024/741,Sabarmati PS,wanted,NAFIS-SUBJECT-00026,reference-only subject record — SAAKSHI processes no biometrics and performs no face recognition,synthetic
eGujCop,WA-0027,wanted_person,person,,CASE/WA/2026/0027,high,2026-01-01T00:00:00Z,,true,,,,,,,,,FIR/2024/623,Vastrapur PS,wanted,NAFIS-SUBJECT-00027,reference-only subject record — SAAKSHI processes no biometrics and performs no face recognition,synthetic
eGujCop,WA-0028,wanted_person,person,,CASE/WA/2025/0028,high,2026-01-01T00:00:00Z,2027-12-31T00:00:00Z,true,,,,,,,,,FIR/2025/024,Maninagar PS,wanted,NAFIS-SUBJECT-00028,reference-only subject record — SAAKSHI processes no biometrics and performs no face recognition,synthetic
eGujCop,WA-0029,wanted_person,person,,CASE/WA/2026/0029,high,2026-01-01T00:00:00Z,,true,,,,,,,,,FIR/2025/049,Ghatlodia PS,wanted,NAFIS-SUBJECT-00029,reference-only subject record — SAAKSHI processes no biometrics and performs no face recognition,synthetic
eGujCop,WA-0030,wanted_person,person,,CASE/WA/2025/0030,high,2026-01-01T00:00:00Z,2026-06-01T00:00:00Z,true,,,,,,,,,FIR/2026/041,Naroda PS,wanted,NAFIS-SUBJECT-00030,reference-only subject record — SAAKSHI processes no biometrics and performs no face recognition,synthetic
eGujCop,WA-0031,wanted_person,person,,CASE/WA/2026/0031,high,2026-01-01T00:00:00Z,,true,,,,,,,,,FIR/2024/080,Satellite PS,wanted,NAFIS-SUBJECT-00031,reference-only subject record — SAAKSHI processes no biometrics and performs no face recognition,synthetic
eGujCop,WA-0032,wanted_person,person,,CASE/WA/2025/0032,high,2026-01-01T00:00:00Z,2027-12-31T00:00:00Z,true,,,,,,,,,FIR/2024/492,Naroda PS,wanted,NAFIS-SUBJECT-00032,reference-only subject record — SAAKSHI processes no biometrics and performs no face recognition,synthetic
eGujCop,WA-0033,wanted_person,person,,CASE/WA/2026/0033,high,2026-01-01T00:00:00Z,,true,,,,,,,,,FIR/2025/282,Odhav PS,wanted,NAFIS-SUBJECT-00033,reference-only subject record — SAAKSHI processes no biometrics and performs no face recognition,synthetic
eGujCop,WA-0034,wanted_person,person,,CASE/WA/2025/0034,high,2026-01-01T00:00:00Z,,true,,,,,,,,,FIR/2024/091,Satellite PS,wanted,NAFIS-SUBJECT-00034,reference-only subject record — SAAKSHI processes no biometrics and performs no face recognition,synthetic
eGujCop,WA-0035,wanted_person,person,,CASE/WA/2026/0035,high,2026-01-01T00:00:00Z,,true,,,,,,,,,FIR/2026/551,Odhav PS,wanted,NAFIS-SUBJECT-00035,reference-only subject record — SAAKSHI processes no biometrics and performs no face recognition,synthetic
eGujCop,WA-0036,wanted_person,person,,CASE/WA/2025/0036,high,2026-01-01T00:00:00Z,2027-12-31T00:00:00Z,true,,,,,,,,,FIR/2025/194,Naroda PS,wanted,NAFIS-SUBJECT-00036,reference-only subject record — SAAKSHI processes no biometrics and performs no face recognition,synthetic
eGujCop,WA-0037,wanted_person,person,,CASE/WA/2026/0037,high,2026-01-01T00:00:00Z,,true,,,,,,,,,FIR/2024/127,Bopal PS,wanted,NAFIS-SUBJECT-00037,reference-only subject record — SAAKSHI processes no biometrics and performs no face recognition,synthetic
eGujCop,WA-0038,wanted_person,person,,CASE/WA/2025/0038,high,2026-01-01T00:00:00Z,,true,,,,,,,,,FIR/2025/896,Sabarmati PS,wanted,NAFIS-SUBJECT-00038,reference-only subject record — SAAKSHI processes no biometrics and performs no face recognition,synthetic
eGujCop,WA-0039,wanted_person,person,,CASE/WA/2026/0039,critical,2026-01-01T00:00:00Z,,true,,,,,,,,,FIR/2026/857,Ranip PS,wanted,NAFIS-SUBJECT-00039,reference-only subject record — SAAKSHI processes no biometrics and performs no face recognition,synthetic
eGujCop,WA-0040,wanted_person,person,,CASE/WA/2025/0040,high,2026-01-01T00:00:00Z,2026-06-01T00:00:00Z,true,,,,,,,,,FIR/2026/010,Maninagar PS,wanted,NAFIS-SUBJECT-00040,reference-only subject record — SAAKSHI processes no biometrics and performs no face recognition,synthetic
eGujCop,MI-0001,missing_person,person,,CASE/MI/2026/0001,medium,2026-01-01T00:00:00Z,,true,,,,,,,,,FIR/2026/438,Bopal PS,missing,AFIS-SUBJECT-00001,reference-only subject record — SAAKSHI processes no biometrics and performs no face recognition,synthetic
eGujCop,MI-0002,missing_person,person,,CASE/MI/2025/0002,medium,2026-01-01T00:00:00Z,,true,,,,,,,,,FIR/2025/797,Satellite PS,missing,AFIS-SUBJECT-00002,reference-only subject record — SAAKSHI processes no biometrics and performs no face recognition,synthetic
AFIS,MI-0003,missing_person,person,,CASE/MI/2026/0003,medium,2026-01-01T00:00:00Z,,true,,,,,,,,,FIR/2026/966,Ranip PS,missing,AFIS-SUBJECT-00003,reference-only subject record — SAAKSHI processes no biometrics and performs no face recognition,synthetic
eGujCop,MI-0004,missing_person,person,,CASE/MI/2025/0004,medium,2026-01-01T00:00:00Z,2027-12-31T00:00:00Z,true,,,,,,,,,FIR/2026/292,Sabarmati PS,missing,AFIS-SUBJECT-00004,reference-only subject record — SAAKSHI processes no biometrics and performs no face recognition,synthetic
eGujCop,MI-0005,missing_person,person,,CASE/MI/2026/0005,medium,2026-01-01T00:00:00Z,,true,,,,,,,,,FIR/2025/551,Ghatlodia PS,missing,AFIS-SUBJECT-00005,reference-only subject record — SAAKSHI processes no biometrics and performs no face recognition,synthetic
AFIS,MI-0006,missing_person,person,,CASE/MI/2025/0006,medium,2026-01-01T00:00:00Z,,true,,,,,,,,,FIR/2024/846,Navrangpura PS,missing,AFIS-SUBJECT-00006,reference-only subject record — SAAKSHI processes no biometrics and performs no face recognition,synthetic
eGujCop,MI-0007,missing_person,person,,CASE/MI/2026/0007,medium,2026-01-01T00:00:00Z,,true,,,,,,,,,FIR/2026/379,Navrangpura PS,missing,AFIS-SUBJECT-00007,reference-only subject record — SAAKSHI processes no biometrics and performs no face recognition,synthetic
eGujCop,MI-0008,missing_person,person,,CASE/MI/2025/0008,medium,2026-01-01T00:00:00Z,2027-12-31T00:00:00Z,true,,,,,,,,,FIR/2024/713,Bopal PS,missing,AFIS-SUBJECT-00008,reference-only subject record — SAAKSHI processes no biometrics and performs no face recognition,synthetic
AFIS,MI-0009,missing_person,person,,CASE/MI/2026/0009,medium,2026-01-01T00:00:00Z,,true,,,,,,,,,FIR/2026/981,Odhav PS,missing,AFIS-SUBJECT-00009,reference-only subject record — SAAKSHI processes no biometrics and performs no face recognition,synthetic
eGujCop,MI-0010,missing_person,person,,CASE/MI/2025/0010,medium,2026-01-01T00:00:00Z,2026-06-01T00:00:00Z,true,,,,,,,,,FIR/2025/813,Ranip PS,missing,AFIS-SUBJECT-00010,reference-only subject record — SAAKSHI processes no biometrics and performs no face recognition,synthetic
eGujCop,MI-0011,missing_person,person,,CASE/MI/2026/0011,medium,2026-01-01T00:00:00Z,,true,,,,,,,,,FIR/2026/522,Naroda PS,missing,AFIS-SUBJECT-00011,reference-only subject record — SAAKSHI processes no biometrics and performs no face recognition,synthetic
AFIS,MI-0012,missing_person,person,,CASE/MI/2025/0012,medium,2026-01-01T00:00:00Z,2027-12-31T00:00:00Z,true,,,,,,,,,FIR/2024/549,Maninagar PS,missing,AFIS-SUBJECT-00012,reference-only subject record — SAAKSHI processes no biometrics and performs no face recognition,synthetic
eGujCop,MI-0013,missing_person,person,,CASE/MI/2026/0013,critical,2026-01-01T00:00:00Z,,true,,,,,,,,,FIR/2026/515,Bopal PS,missing,AFIS-SUBJECT-00013,reference-only subject record — SAAKSHI processes no biometrics and performs no face recognition,synthetic
eGujCop,MI-0014,missing_person,person,,CASE/MI/2025/0014,medium,2026-01-01T00:00:00Z,,true,,,,,,,,,FIR/2026/618,Sabarmati PS,missing,AFIS-SUBJECT-00014,reference-only subject record — SAAKSHI processes no biometrics and performs no face recognition,synthetic
AFIS,MI-0015,missing_person,person,,CASE/MI/2026/0015,medium,2026-01-01T00:00:00Z,,true,,,,,,,,,FIR/2024/312,Bopal PS,missing,AFIS-SUBJECT-00015,reference-only subject record — SAAKSHI processes no biometrics and performs no face recognition,synthetic
eGujCop,MI-0016,missing_person,person,,CASE/MI/2025/0016,medium,2026-01-01T00:00:00Z,2027-12-31T00:00:00Z,true,,,,,,,,,FIR/2025/204,Satellite PS,missing,AFIS-SUBJECT-00016,reference-only subject record — SAAKSHI processes no biometrics and performs no face recognition,synthetic
eGujCop,MI-0017,missing_person,person,,CASE/MI/2026/0017,medium,2026-01-01T00:00:00Z,,true,,,,,,,,,FIR/2024/527,Ranip PS,missing,AFIS-SUBJECT-00017,reference-only subject record — SAAKSHI processes no biometrics and performs no face recognition,synthetic
AFIS,MI-0018,missing_person,person,,CASE/MI/2025/0018,medium,2026-01-01T00:00:00Z,,true,,,,,,,,,FIR/2025/925,Navrangpura PS,missing,AFIS-SUBJECT-00018,reference-only subject record — SAAKSHI processes no biometrics and performs no face recognition,synthetic
eGujCop,MI-0019,missing_person,person,,CASE/MI/2026/0019,medium,2026-01-01T00:00:00Z,,true,,,,,,,,,FIR/2026/138,Maninagar PS,missing,AFIS-SUBJECT-00019,reference-only subject record — SAAKSHI processes no biometrics and performs no face recognition,synthetic
eGujCop,MI-0020,missing_person,person,,CASE/MI/2025/0020,medium,2026-01-01T00:00:00Z,2026-06-01T00:00:00Z,true,,,,,,,,,FIR/2024/899,Sabarmati PS,missing,AFIS-SUBJECT-00020,reference-only subject record — SAAKSHI processes no biometrics and performs no face recognition,synthetic
AFIS,MI-0021,missing_person,person,,CASE/MI/2026/0021,medium,2026-01-01T00:00:00Z,,true,,,,,,,,,FIR/2026/853,Navrangpura PS,missing,AFIS-SUBJECT-00021,reference-only subject record — SAAKSHI processes no biometrics and performs no face recognition,synthetic
eGujCop,MI-0022,missing_person,person,,CASE/MI/2025/0022,medium,2026-01-01T00:00:00Z,,true,,,,,,,,,FIR/2025/286,Ghatlodia PS,missing,AFIS-SUBJECT-00022,reference-only subject record — SAAKSHI processes no biometrics and performs no face recognition,synthetic
eGujCop,MI-0023,missing_person,person,,CASE/MI/2026/0023,medium,2026-01-01T00:00:00Z,,true,,,,,,,,,FIR/2025/124,Sabarmati PS,missing,AFIS-SUBJECT-00023,reference-only subject record — SAAKSHI processes no biometrics and performs no face recognition,synthetic
AFIS,MI-0024,missing_person,person,,CASE/MI/2025/0024,medium,2026-01-01T00:00:00Z,2027-12-31T00:00:00Z,true,,,,,,,,,FIR/2025/533,Ranip PS,missing,AFIS-SUBJECT-00024,reference-only subject record — SAAKSHI processes no biometrics and performs no face recognition,synthetic
eGujCop,MI-0025,missing_person,person,,CASE/MI/2026/0025,medium,2026-01-01T00:00:00Z,,true,,,,,,,,,FIR/2024/472,Naroda PS,missing,AFIS-SUBJECT-00025,reference-only subject record — SAAKSHI processes no biometrics and performs no face recognition,synthetic
eGujCop,MI-0026,missing_person,person,,CASE/MI/2025/0026,critical,2026-01-01T00:00:00Z,,true,,,,,,,,,FIR/2026/095,Ranip PS,missing,AFIS-SUBJECT-00026,reference-only subject record — SAAKSHI processes no biometrics and performs no face recognition,synthetic
AFIS,MI-0027,missing_person,person,,CASE/MI/2026/0027,medium,2026-01-01T00:00:00Z,,true,,,,,,,,,FIR/2024/942,Navrangpura PS,missing,AFIS-SUBJECT-00027,reference-only subject record — SAAKSHI processes no biometrics and performs no face recognition,synthetic
eGujCop,MI-0028,missing_person,person,,CASE/MI/2025/0028,medium,2026-01-01T00:00:00Z,2027-12-31T00:00:00Z,true,,,,,,,,,FIR/2025/353,Sabarmati PS,missing,AFIS-SUBJECT-00028,reference-only subject record — SAAKSHI processes no biometrics and performs no face recognition,synthetic
eGujCop,MI-0029,missing_person,person,,CASE/MI/2026/0029,medium,2026-01-01T00:00:00Z,,true,,,,,,,,,FIR/2024/941,Ghatlodia PS,missing,AFIS-SUBJECT-00029,reference-only subject record — SAAKSHI processes no biometrics and performs no face recognition,synthetic
AFIS,MI-0030,missing_person,person,,CASE/MI/2025/0030,medium,2026-01-01T00:00:00Z,2026-06-01T00:00:00Z,true,,,,,,,,,FIR/2024/720,Ghatlodia PS,missing,AFIS-SUBJECT-00030,reference-only subject record — SAAKSHI processes no biometrics and performs no face recognition,synthetic
NAFIS,SU-0001,suspect,person,,CASE/SU/2026/0001,low,2026-01-01T00:00:00Z,,true,,,,,,,,,FIR/2025/864,Ranip PS,under_investigation,NAFIS-SUBJECT-00001,reference-only subject record — SAAKSHI processes no biometrics and performs no face recognition,synthetic
NAFIS,SU-0002,suspect,person,,CASE/SU/2025/0002,low,2026-01-01T00:00:00Z,,true,,,,,,,,,FIR/2026/900,Maninagar PS,under_investigation,NAFIS-SUBJECT-00002,reference-only subject record — SAAKSHI processes no biometrics and performs no face recognition,synthetic
NAFIS,SU-0003,suspect,person,,CASE/SU/2026/0003,low,2026-01-01T00:00:00Z,,true,,,,,,,,,FIR/2024/265,Satellite PS,under_investigation,NAFIS-SUBJECT-00003,reference-only subject record — SAAKSHI processes no biometrics and performs no face recognition,synthetic
NAFIS,SU-0004,suspect,person,,CASE/SU/2025/0004,low,2026-01-01T00:00:00Z,2027-12-31T00:00:00Z,true,,,,,,,,,FIR/2024/249,Ranip PS,under_investigation,NAFIS-SUBJECT-00004,reference-only subject record — SAAKSHI processes no biometrics and performs no face recognition,synthetic
NAFIS,SU-0005,suspect,person,,CASE/SU/2026/0005,low,2026-01-01T00:00:00Z,,true,,,,,,,,,FIR/2026/755,Satellite PS,under_investigation,NAFIS-SUBJECT-00005,reference-only subject record — SAAKSHI processes no biometrics and performs no face recognition,synthetic
NAFIS,SU-0006,suspect,person,,CASE/SU/2025/0006,low,2026-01-01T00:00:00Z,,true,,,,,,,,,FIR/2025/511,Odhav PS,under_investigation,NAFIS-SUBJECT-00006,reference-only subject record — SAAKSHI processes no biometrics and performs no face recognition,synthetic
NAFIS,SU-0007,suspect,person,,CASE/SU/2026/0007,low,2026-01-01T00:00:00Z,,true,,,,,,,,,FIR/2024/111,Sabarmati PS,under_investigation,NAFIS-SUBJECT-00007,reference-only subject record — SAAKSHI processes no biometrics and performs no face recognition,synthetic
NAFIS,SU-0008,suspect,person,,CASE/SU/2025/0008,low,2026-01-01T00:00:00Z,2027-12-31T00:00:00Z,true,,,,,,,,,FIR/2025/402,Odhav PS,under_investigation,NAFIS-SUBJECT-00008,reference-only subject record — SAAKSHI processes no biometrics and performs no face recognition,synthetic
NAFIS,SU-0009,suspect,person,,CASE/SU/2026/0009,low,2026-01-01T00:00:00Z,,true,,,,,,,,,FIR/2024/060,Naroda PS,under_investigation,NAFIS-SUBJECT-00009,reference-only subject record — SAAKSHI processes no biometrics and performs no face recognition,synthetic
NAFIS,SU-0010,suspect,person,,CASE/SU/2025/0010,low,2026-01-01T00:00:00Z,2026-06-01T00:00:00Z,true,,,,,,,,,FIR/2025/954,Naroda PS,under_investigation,NAFIS-SUBJECT-00010,reference-only subject record — SAAKSHI processes no biometrics and performs no face recognition,synthetic
NAFIS,SU-0011,suspect,person,,CASE/SU/2026/0011,low,2026-01-01T00:00:00Z,,true,,,,,,,,,FIR/2026/590,Navrangpura PS,under_investigation,NAFIS-SUBJECT-00011,reference-only subject record — SAAKSHI processes no biometrics and performs no face recognition,synthetic
NAFIS,SU-0012,suspect,person,,CASE/SU/2025/0012,low,2026-01-01T00:00:00Z,2027-12-31T00:00:00Z,true,,,,,,,,,FIR/2024/810,Bopal PS,under_investigation,NAFIS-SUBJECT-00012,reference-only subject record — SAAKSHI processes no biometrics and performs no face recognition,synthetic
NAFIS,SU-0013,suspect,person,,CASE/SU/2026/0013,critical,2026-01-01T00:00:00Z,,true,,,,,,,,,FIR/2025/944,Maninagar PS,under_investigation,NAFIS-SUBJECT-00013,reference-only subject record — SAAKSHI processes no biometrics and performs no face recognition,synthetic
NAFIS,SU-0014,suspect,person,,CASE/SU/2025/0014,low,2026-01-01T00:00:00Z,,true,,,,,,,,,FIR/2024/273,Vastrapur PS,under_investigation,NAFIS-SUBJECT-00014,reference-only subject record — SAAKSHI processes no biometrics and performs no face recognition,synthetic
NAFIS,SU-0015,suspect,person,,CASE/SU/2026/0015,low,2026-01-01T00:00:00Z,,true,,,,,,,,,FIR/2024/332,Sabarmati PS,under_investigation,NAFIS-SUBJECT-00015,reference-only subject record — SAAKSHI processes no biometrics and performs no face recognition,synthetic
NAFIS,SU-0016,suspect,person,,CASE/SU/2025/0016,low,2026-01-01T00:00:00Z,2027-12-31T00:00:00Z,true,,,,,,,,,FIR/2025/876,Bopal PS,under_investigation,NAFIS-SUBJECT-00016,reference-only subject record — SAAKSHI processes no biometrics and performs no face recognition,synthetic
NAFIS,SU-0017,suspect,person,,CASE/SU/2026/0017,low,2026-01-01T00:00:00Z,,true,,,,,,,,,FIR/2024/165,Bopal PS,under_investigation,NAFIS-SUBJECT-00017,reference-only subject record — SAAKSHI processes no biometrics and performs no face recognition,synthetic
NAFIS,SU-0018,suspect,person,,CASE/SU/2025/0018,low,2026-01-01T00:00:00Z,,true,,,,,,,,,FIR/2024/224,Ghatlodia PS,under_investigation,NAFIS-SUBJECT-00018,reference-only subject record — SAAKSHI processes no biometrics and performs no face recognition,synthetic
NAFIS,SU-0019,suspect,person,,CASE/SU/2026/0019,low,2026-01-01T00:00:00Z,,true,,,,,,,,,FIR/2026/487,Ranip PS,under_investigation,NAFIS-SUBJECT-00019,reference-only subject record — SAAKSHI processes no biometrics and performs no face recognition,synthetic
NAFIS,SU-0020,suspect,person,,CASE/SU/2025/0020,low,2026-01-01T00:00:00Z,2026-06-01T00:00:00Z,true,,,,,,,,,FIR/2025/256,Maninagar PS,under_investigation,NAFIS-SUBJECT-00020,reference-only subject record — SAAKSHI processes no biometrics and performs no face recognition,synthetic
NAFIS,SU-0021,suspect,person,,CASE/SU/2026/0021,low,2026-01-01T00:00:00Z,,true,,,,,,,,,FIR/2025/735,Naroda PS,under_investigation,NAFIS-SUBJECT-00021,reference-only subject record — SAAKSHI processes no biometrics and performs no face recognition,synthetic
NAFIS,SU-0022,suspect,person,,CASE/SU/2025/0022,low,2026-01-01T00:00:00Z,,true,,,,,,,,,FIR/2026/195,Maninagar PS,under_investigation,NAFIS-SUBJECT-00022,reference-only subject record — SAAKSHI processes no biometrics and performs no face recognition,synthetic
NAFIS,SU-0023,suspect,person,,CASE/SU/2026/0023,low,2026-01-01T00:00:00Z,,true,,,,,,,,,FIR/2024/166,Bopal PS,under_investigation,NAFIS-SUBJECT-00023,reference-only subject record — SAAKSHI processes no biometrics and performs no face recognition,synthetic
NAFIS,SU-0024,suspect,person,,CASE/SU/2025/0024,low,2026-01-01T00:00:00Z,2027-12-31T00:00:00Z,true,,,,,,,,,FIR/2025/512,Naroda PS,under_investigation,NAFIS-SUBJECT-00024,reference-only subject record — SAAKSHI processes no biometrics and performs no face recognition,synthetic
NAFIS,SU-0025,suspect,person,,CASE/SU/2026/0025,low,2026-01-01T00:00:00Z,,true,,,,,,,,,FIR/2024/745,Naroda PS,under_investigation,NAFIS-SUBJECT-00025,reference-only subject record — SAAKSHI processes no biometrics and performs no face recognition,synthetic
NAFIS,SU-0026,suspect,person,,CASE/SU/2025/0026,critical,2026-01-01T00:00:00Z,,true,,,,,,,,,FIR/2024/928,Navrangpura PS,under_investigation,NAFIS-SUBJECT-00026,reference-only subject record — SAAKSHI processes no biometrics and performs no face recognition,synthetic
SARTHI,DL-0001,suspect,person,,CASE/DL/2026/0001,low,2026-01-01T00:00:00Z,2027-12-31T00:00:00Z,true,,,,,,GJ12 20178334154,SARTHI-HOLDER-00001,2028-02-15,,,licence_flagged,,"synthetic driving-licence flag — holder held as a reference, never a name",synthetic
SARTHI,DL-0002,suspect,person,,CASE/DL/2026/0002,low,2026-01-01T00:00:00Z,2027-12-31T00:00:00Z,true,,,,,,GJ17 20244878236,SARTHI-HOLDER-00002,2029-03-15,,,licence_flagged,,"synthetic driving-licence flag — holder held as a reference, never a name",synthetic
SARTHI,DL-0003,suspect,person,,CASE/DL/2026/0003,low,2026-01-01T00:00:00Z,2027-12-31T00:00:00Z,true,,,,,,GJ12 20214390573,SARTHI-HOLDER-00003,2030-04-15,,,licence_flagged,,"synthetic driving-licence flag — holder held as a reference, never a name",synthetic
SARTHI,DL-0004,suspect,person,,CASE/DL/2026/0004,low,2026-01-01T00:00:00Z,2027-12-31T00:00:00Z,true,,,,,,GJ37 20227258778,SARTHI-HOLDER-00004,2027-05-15,,,licence_flagged,,"synthetic driving-licence flag — holder held as a reference, never a name",synthetic
SARTHI,DL-0005,suspect,person,,CASE/DL/2026/0005,low,2026-01-01T00:00:00Z,2027-12-31T00:00:00Z,true,,,,,,GJ30 20158115448,SARTHI-HOLDER-00005,2028-06-15,,,licence_flagged,,"synthetic driving-licence flag — holder held as a reference, never a name",synthetic
SARTHI,DL-0006,suspect,person,,CASE/DL/2026/0006,low,2026-01-01T00:00:00Z,2027-12-31T00:00:00Z,true,,,,,,GJ23 20171207997,SARTHI-HOLDER-00006,2029-07-15,,,licence_flagged,,"synthetic driving-licence flag — holder held as a reference, never a name",synthetic
SARTHI,DL-0007,suspect,person,,CASE/DL/2026/0007,low,2026-01-01T00:00:00Z,2027-12-31T00:00:00Z,true,,,,,,GJ09 20217226308,SARTHI-HOLDER-00007,2030-08-15,,,licence_flagged,,"synthetic driving-licence flag — holder held as a reference, never a name",synthetic
SARTHI,DL-0008,suspect,person,,CASE/DL/2026/0008,low,2026-01-01T00:00:00Z,2027-12-31T00:00:00Z,true,,,,,,GJ37 20156759890,SARTHI-HOLDER-00008,2027-09-15,,,licence_flagged,,"synthetic driving-licence flag — holder held as a reference, never a name",synthetic
SARTHI,DL-0009,suspect,person,,CASE/DL/2026/0009,low,2026-01-01T00:00:00Z,2027-12-31T00:00:00Z,true,,,,,,GJ14 20218422572,SARTHI-HOLDER-00009,2028-01-15,,,licence_flagged,,"synthetic driving-licence flag — holder held as a reference, never a name",synthetic
SARTHI,DL-0010,suspect,person,,CASE/DL/2026/0010,low,2026-01-01T00:00:00Z,2027-12-31T00:00:00Z,true,,,,,,GJ17 20151992829,SARTHI-HOLDER-00010,2029-02-15,,,licence_flagged,,"synthetic driving-licence flag — holder held as a reference, never a name",synthetic
SARTHI,DL-0011,suspect,person,,CASE/DL/2026/0011,low,2026-01-01T00:00:00Z,2027-12-31T00:00:00Z,true,,,,,,GJ10 20208956980,SARTHI-HOLDER-00011,2030-03-15,,,licence_flagged,,"synthetic driving-licence flag — holder held as a reference, never a name",synthetic
SARTHI,DL-0012,suspect,person,,CASE/DL/2026/0012,low,2026-01-01T00:00:00Z,2027-12-31T00:00:00Z,true,,,,,,GJ10 20185007166,SARTHI-HOLDER-00012,2027-04-15,,,licence_flagged,,"synthetic driving-licence flag — holder held as a reference, never a name",synthetic
eGujCop,ESTATE-GT-GJ12EC7928,stolen_vehicle,vehicle,GJ12EC7928,,high,2026-01-01T00:00:00Z,,true,,,,,unknown,,,,FIR/2026/901,Vastrapur PS,stolen,,"ESTATE GROUND TRUTH — this registration genuinely appears on sandbox feed cam30 (day_cam30_042_00): hand-labelled ground truth, 76 px daylight plate — fixtures/plate-eval/labels.json. The watchlist *status* is synthetic; the plate is not.",estate-groundtruth
eGujCop,ESTATE-GT-GJ32D0107,stolen_vehicle,vehicle,GJ32D0107,,high,2026-01-01T00:00:00Z,,true,,,,,unknown,,,,FIR/2026/902,Vastrapur PS,stolen,,"ESTATE GROUND TRUTH — this registration genuinely appears on sandbox feed cam07 (night_cam07_111_02): hand-labelled ground truth, 56 px streetlit plate — fixtures/plate-eval/labels.json. The watchlist *status* is synthetic; the plate is not.",estate-groundtruth
eGujCop,ESTATE-GT-GJ35U0779,stolen_vehicle,vehicle,GJ35U0779,,high,2026-01-01T00:00:00Z,,true,,,,,unknown,,,,FIR/2026/903,Vastrapur PS,stolen,,"ESTATE GROUND TRUTH — this registration genuinely appears on sandbox feed cam07 (night_cam07_102_02): hand-labelled ground truth, 52 px streetlit plate — fixtures/plate-eval/labels.json. The watchlist *status* is synthetic; the plate is not.",estate-groundtruth
eGujCop,ESTATE-GT-RJ39CA5180,stolen_vehicle,vehicle,RJ39CA5180,,high,2026-01-01T00:00:00Z,,true,,,,,unknown,,,,FIR/2026/904,Vastrapur PS,stolen,,ESTATE GROUND TRUTH — this registration genuinely appears on sandbox feed cam21 (d0-01-recon): human-legible in the D0-01 recon frame — docs/anpr-accuracy.md §7. The watchlist *status* is synthetic; the plate is not.,estate-groundtruth
manual,ESTATE-OCR-GJ3266416,blacklisted_vehicle,vehicle,GJ3266416,,low,2026-01-01T00:00:00Z,,true,,,,,unknown,,,,,,watch_only,,"SELECTED FROM MEASURED ANPR OUTPUT, NOT FROM A VEHICLE REGISTRY — the live run emitted 'GJ3266416' at confidence 0.449 on cam07 (docs/anpr-accuracy.md §8). Seeded so D2-06 can fire a real end-to-end alert against the real estate. Several of these are fragments, not registrations.",estate-ocr-output
manual,ESTATE-OCR-AAM412,blacklisted_vehicle,vehicle,AAM412,,low,2026-01-01T00:00:00Z,,true,,,,,unknown,,,,,,watch_only,,"SELECTED FROM MEASURED ANPR OUTPUT, NOT FROM A VEHICLE REGISTRY — the live run emitted 'AAM412' at confidence 0.503 on cam-unattributed (docs/anpr-accuracy.md §8). Seeded so D2-06 can fire a real end-to-end alert against the real estate. Several of these are fragments, not registrations.",estate-ocr-output
manual,ESTATE-OCR-44671,blacklisted_vehicle,vehicle,44671,,low,2026-01-01T00:00:00Z,,true,,,,,unknown,,,,,,watch_only,,"SELECTED FROM MEASURED ANPR OUTPUT, NOT FROM A VEHICLE REGISTRY — the live run emitted '44671' at confidence 0.732 on cam08 (docs/anpr-accuracy.md §8). Seeded so D2-06 can fire a real end-to-end alert against the real estate. Several of these are fragments, not registrations.",estate-ocr-output
manual,ESTATE-OCR-1118R,blacklisted_vehicle,vehicle,1118R,,low,2026-01-01T00:00:00Z,,true,,,,,unknown,,,,,,watch_only,,"SELECTED FROM MEASURED ANPR OUTPUT, NOT FROM A VEHICLE REGISTRY — the live run emitted '1118R' at confidence 0.627 on cam-unattributed (docs/anpr-accuracy.md §8). Seeded so D2-06 can fire a real end-to-end alert against the real estate. Several of these are fragments, not registrations.",estate-ocr-output
manual,ESTATE-OCR-46101,blacklisted_vehicle,vehicle,46101,,low,2026-01-01T00:00:00Z,,true,,,,,unknown,,,,,,watch_only,,"SELECTED FROM MEASURED ANPR OUTPUT, NOT FROM A VEHICLE REGISTRY — the live run emitted '46101' at confidence 0.56 on cam-unattributed (docs/anpr-accuracy.md §8). Seeded so D2-06 can fire a real end-to-end alert against the real estate. Several of these are fragments, not registrations.",estate-ocr-output
manual,SEED-VALIDITY-EXPIRED,stolen_vehicle,vehicle,GJ01XX0001,,critical,2026-01-01T00:00:00Z,2026-06-01T00:00:00Z,true,,,,,active,,,,,,,,"validity fixture: window closed 2026-06-01, must never produce a hit after it",validity-fixture
manual,SEED-VALIDITY-OPEN,stolen_vehicle,vehicle,GJ01XX0002,,critical,2026-01-01T00:00:00Z,,true,,,,,active,,,,,,,,"validity fixture: open-ended window, the control for SEED-VALIDITY-EXPIRED",validity-fixture
